gene_id	gene_symbol	description	scientific_name	common_name	tax_id	genomic_range	orientation	location	gene_type	transcript_accession	transcript_name	transcript_length	transcript_cds_coords	protein_accession	isoform_name	protein_length	protein_name
117198	Ivns1abp	influenza virus NS1A binding protein	Mus musculus	house mouse	10090	NC_000067.7:151220237-151240196	+	chr 1	PROTEIN_CODING	NM_001359263.1	transcript variant 5	4357	NM_001359263.1:2193-3278	NP_001346192.1	isoform 5	361	influenza virus NS1A-binding protein homolog
117198	Ivns1abp	influenza virus NS1A binding protein	Mus musculus	house mouse	10090	NC_000067.7:151220237-151240196	+	chr 1	PROTEIN_CODING	NM_001359262.1	transcript variant 4	3395	NM_001359262.1:514-2316	NP_001346191.1	isoform 4	600	influenza virus NS1A-binding protein homolog
117198	Ivns1abp	influenza virus NS1A binding protein	Mus musculus	house mouse	10090	NC_000067.7:151220237-151240196	+	chr 1	PROTEIN_CODING	NM_054102.2	transcript variant 2	3513	NM_054102.2:505-2433	NP_473443.2	isoform 2	642	influenza virus NS1A-binding protein homolog
117198	Ivns1abp	influenza virus NS1A binding protein	Mus musculus	house mouse	10090	NC_000067.7:151220237-151240196	+	chr 1	PROTEIN_CODING	NM_001039512.1	transcript variant 3	3387	NM_001039512.1:505-2307	NP_001034601.1	isoform 3	600	influenza virus NS1A-binding protein homolog
117198	Ivns1abp	influenza virus NS1A binding protein	Mus musculus	house mouse	10090	NC_000067.7:151220237-151240196	+	chr 1	PROTEIN_CODING	NM_001039511.1	transcript variant 1	2793	NM_001039511.1:505-1170	NP_001034600.1	isoform 1	221	influenza virus NS1A-binding protein homolog
117198	Ivns1abp	influenza virus NS1A binding protein	Mus musculus	house mouse	10090	NC_000067.7:151220237-151240196	+	chr 1	PROTEIN_CODING	XM_006529089.4	transcript variant X1	3622	XM_006529089.4:1121-2569	XP_006529152.1	isoform X1	482	influenza virus NS1A-binding protein homolog
117198	Ivns1abp	influenza virus NS1A binding protein	Mus musculus	house mouse	10090	NC_000067.7:151220237-151240196	+	chr 1	PROTEIN_CODING	XM_030243144.1	transcript variant X2	3336	XM_030243144.1:835-2283	XP_030099004.1	isoform X1	482	influenza virus NS1A-binding protein homolog
